,tweet,tipo
7451,"@brasil247 Nem eu. Nas festas aqui de casa , j√° coloco assim no convite : ""Bolsonarista n√£o entra"". Ainda exijo certificado de vacina, m√°scara e s√≥ entra assim.",replied_to
809,Essa vacina contra menigite d√° uma boa destru√≠da hein?!,
3433,"@RubensNunesMBL DEIXA DE CHILIQUE, PLAYBOY!!! CADE O PROCESSO QUANDO BOLSONARO DEBOCHAVA DAS  V√çTIMAS DA COVID DO ATRASO DE VACINA DE RECOMENDA REM√âDIO SEM EFIC√ÅCIA?",replied_to
61,"@Ronaldfenomeno8 @murilocarneiro @claudioedantas Eu na caverna. Diminuiu. O cont√°gio? Mortes? Transmiss√£o? Tem que decidir e responder. Porque perdi 2 Tios vacinados um com 2 doses (Coron@vac) outro 2 doses (Coron@vac)+01 Astr@zenica. Quero resposta. A ent√£o pra eles a vacina serviu. Aquela m√°xima? ""pelo menos morreu vacinado""",replied_to
6577,Meudeus que √≥dio eu esqueci o cart√£o de vacina,
2628,baita duns muleque enormeee vindo com a m√£e e com o pai pra tomar vacina e consulta a√≠ pelo amor,
1006,"@joellogic90pt @RyanAFournier Ehehe ya. 

Malta a morrer ap√≥s as vacinas e crian√ßas a ter miocardite --&gt; ""n√£o h√° provas que seja isso, n√£o tem rela√ß√£o, n√£o acredito"" 

Estudo sobre como n√£o ter vacina predisp√µe a acidentes de autom√≥vel --&gt; ""acredito sim, deu nas not√≠cias""",replied_to
15363,"@LulaOficial Porra de n√£o combateu, queria comprar vacina que n√£o tinha aprova√ß√£o ? Deixaram os governadores ter poder mais q o presidente, bando de gente que n√£o deveria estar no poder, o povo vai se libertar desse tipo de gente.",replied_to
2463,"""fazer a vacina √© um ato de ditadura"" 

e assim eles se consagram os mais burros do planeta",
6559,"Corpo todo dolorido, bra√ßo r√≠gido, cansada pra krl e sem fome obg vacina por me proteger e me capotar ü•∞",
13957,@reporterenato √â preocupante. Mas cobrar como se fosse culpa dele e um pouco over. A vacina bivalente s√≥ come√ßou a chegar agora e como sempre em quantidade insuficiente. Se conseguirem botar ordem e oferecer vacinas como deve ser at√© o ano que vem ser√° uma mega vit√≥ria. Cobrar agora √© sacanagem,replied_to
8743,@sergiobtmendes @FariaLimaElevat Toma a 6¬∞ dose da vacina de 2019 que passa.,replied_to
5020,"Processo pelo COVID? KKK tem que processar todos os governantes do mundo. Nos EUA, a vacina√ß√£o come√ßou em dezembro, e n√£o diminuiu em nada o n√∫mero de mortes. L√° √© quase o dobro que no Brasil. https://t.co/fuxI6IXRtU",quoted
8410,"Os comunas n√£o cansam de passa vergonhaa.
Bando de hip√≥critas pr√≥ vacina e mascaras pr√¥s outros https://t.co/nJVkIE558c",quoted
12336,"tomei uma vacina em cada bra√ßo, t√¥ moleü´†",
5244,"@Cria764728751 Se tomar vacina, vira um jacagado. üêäüêÆ",replied_to
13296,"Levei meus primos pra tomar vacina, quem tomou fui eu 4 ainda",
3923,"Rede de Frio realizar√° vacina√ß√£o contra o Covid-19 na Pra√ßa Adami, nesta quinta-feira. https://t.co/nUncIZifzA https://t.co/XGCyKJ8mtw",
3839,tenho que ir no postinho tomar vacina e tou deitada esperando a ket ket trazer bolo de chocolate,
1047,"Esteio ter√° a√ß√£o especial de vacina√ß√£o contra a covid-19 no s√°bado
https://t.co/VaiLaYYWM1 https://t.co/gCHBQFiBJ7",
8117,"E quest√£o tamb√©m √±  √© somente sobre a vacina, mas sim sobre os efeitos colaterais dela no sangue do doador. Vc √± aceitaria o sangue d uma pessoa com diabetes sem ela estar devidamente sob controle e acompanhamento m√©dico, ou aceitaria?",replied_to
7951,meu deus a vacina me derrubou em n√≠veis absurdos,
7437,"@lucinhalevita Ele s√≥  perdeu por causa da vacina , mandou o povo comprar e muitos morreram. O Guedes que veio na TV dizer que o tisouro tinha muito dinheiro.Ele n√£o serve nem para presidente de nada,ele √©  um zero h√°  esquerda.",replied_to
9110,"@welingtonmo @kimpaim Bolsonaro - impediu a pris√£o em segunda inst√¢ncia, minou a CPI da lavatoga, botou um ministro corrupto no MEC, superfaturou a vacina da √≠ndia, comprou 51 im√≥veis em dinheiro vivo, incitou golpe de estado diversas vezes... T√° bom ou quer mais?",replied_to
13888,"Se essa vacina abaixar meu desempenho s√°bado, vou ficar puto",
8502,"@_geovanaeuzebio sai da√≠ maluca, √© a vacina",replied_to
14268,"@rgsheila √â revoltante, eu tento n√£o ler mais nada, mas n√£o consigo. Na minha idade o que me resta e sair do pa√≠s, mas vou ter que tomar vacina. Caraca e fogo. Vou pro Uruguai, vou de carroüòÇüòÇüòÇ",replied_to
3079,@Davi_C_Costa @brunafontanini @mustbeanerror @canaepunk @TanaraOliveir10 @LulaOficial E sobre a vacina sem aprova√ß√£o da Anvisa e com o contrato que possu√≠a kkkkk,replied_to
3067,"Alagoinhas enfrenta desabastecimento da Coronavac e abre agendamento para aplica√ß√£o da vacina
https://t.co/Fe1chaz8LG",
9078,@EliasSallesMD @FabinhoSouza446 @g1 Existe algum estudo que relaciona essas doen√ßas como impedimento pra vacina?,replied_to
12524,"@Aline84574060 @reporterenato N√£o tem n√£o. 
Aqui no DF s√≥ acima de 35 anos.
Minha filha ja vai fazer 1 ano que tomou a vacina e n√£o pode tomar outra dose ainda.",replied_to
14900,"Vc sabia? Bolsonaro √© contra isolamento, m√°scara e vacina, mas oferece o que contra a covid-19? 
 https://t.co/mwfnmMuIuC",quoted
6169,"@zSenshi_Sama ignor√¢ncia mata, depois nn d√° vacina pros filhos e fica achando que a terra √© plana",replied_to
14220,"Morre, aos 95, Isaias Raw, not√≥rio pesquisador brasileiro e que dirigiu o Butantan por 6 anos.M√©dico morreu em casa na noite desta ter√ßa (13); nos √∫ltimos anos, atuava no desenvolvimento da vacina da dengue no Butantan 

https://t.co/bFvqbUdcam",
13526,"Febre aftosa: campanha de vacina√ß√£o termina s√°bado

- Ser√£o vacinados animais de at√© 24 meses em dez estados

#FebreAftosa #Vacina√ß√£o #Agrop 

Saiba mais:

https://t.co/dpBW4xbAE3",
1376,@ClemesDanildo @mpatriabrasil @Vivianamei @OsmarTerra Toma 5 dosse Pow lugar de vacina e no bra√ßo,replied_to
1280,"CDC compilaram dados de 43 jurisdi√ß√µes entre 31 de julho e 1¬∫ de outubro para estimar a efic√°cia global da vacina. De acordo com os dados, as notifica√ß√µes de eventos adversos foram semelhantes para as vias subcut√¢nea e intrad√©rmica.

Saiba mais üîóhttps://t.co/hjU7OeHMjJ",
3925,"@netpsa7 @DefecatingB @joicehasselmann E que ele interpretou como quis. Apenas o cart√£o de vacina poderia ter sigilo de 100 anos. Os demais atos, apenas 5 anos. No caso do entra e sai do Planalto e do Pazzuelo Antidemocr√°tico, nem caberia. A lei √± √© ruim. O mau uso que Bozo fez dela ora se proteger √© que caghou tudo.",replied_to
12491,@Eliana1802 @LucianoCastelo7 @Castrado_1 @CentralEleicoes vc usa m√°scara? ent√£o a vacina n√£o funciona?,replied_to
10569,"A igreja cat√≥lica, cujo Pont√≠fice exige a vacina, j√° perdeu centenas de padres este ano por infarto. A verdade √© que ningu√©m quer comentar a quantidade de padres que faleceram e falta de p√°rocos na igreja. √â assustador. Neste caso, a pancreatite tb √© uma rea√ß√£o da vacina. https://t.co/Ei7smLOJr9",
8789,Estudo organizado pelo Instituto Federal Alem√£o de Vacinas e Biomedicina mostra que a miocardite aguda est√° associada √† morte ap√≥s a vacina√ß√£o contra mRNA https://t.co/n1VdGZsnhS,
3979,"Quinta dose da vacina contra covid come√ßar√° a ser aplicada em idosos de 70 anos ou mais nesta quarta (14) em S√£o Crist√≥v√£o

Leia mais aqui: https://t.co/iUMkhwjvwU https://t.co/qOG7AQnX5m",
5658,@Rhabiba @LOUFLORIPA Diz que a invermectina melhoras as rea√ß√µes da vacina tbm,replied_to
4556,"@callxmastia A galera ama Arthur Morgan mas ele matava pessoas pobres que n√£o tinham dinheiro... Pq n√£o amar Abby, j√° que ele matou um velho anti-vacina.",replied_to
10282,"@bolsonaroTV_ No m√≠nimo, seremos a popula√ß√£o mais bem informada(alertada), atenda e com olhos abertos para as coisas tortas do mundo! 
Tipo: poss√≠veis pandemias, vacina√ß√£o em massa, ordem mundial, corrup√ß√£o, etc.
Enganados n√£o mais!",replied_to
855,"Vc sabia? No dia 21/10/2020, Bolsonaro disse que os processos de compra de qualquer vacina contra a covid-19 estavam descartados. 
 https://t.co/QDE4FRnBF0",quoted
8975,"BEBEDOURO - 2¬∫ ¬¥Pedal Solid√°rio¬¥ ter√° shows, vacina√ß√£o e doa√ß√µes neste domingo (18)

https://t.co/nCBcTMlSNx https://t.co/n3TiZD6b4D",
13925,"muita gente do meu meio n se vacinou pq n pode parar tres dias pra se recuperar da vacina, ou conseguir trabalhar estando baqueado",
13711,"@claudioedantas Poxa  t√° certo 

N√£o comprar vacina √© super de boa",replied_to
8059,"@duck_lina Eu sofri em todas as doses de vacina de covid, mas essa t√° at√© leve? N√£o lembro da rea√ß√£o da dupla adulto de 10 anos atr√°s (11, na real)",replied_to
10989,e meu irm√£o de um ano q tomou vacina e minha m√£e √© a pessoa mais feliz do mundo https://t.co/u3STmt7HHW,
15239,Tomei a vacina e meu bra√ßo j√° est√° doendo e pesado,
9084,"@mqueiroga2 Vacina COVID 19 mas estamos em 2022 indo para 2023, muitas e muitas muta√ß√µes aconteceram....",replied_to
10468,"krl essas merdas de vacina sempre s√£o na puta q pariu, como q faz quem n tem condi√ß√£o de ir?",
13661,"Vc sabia? Bolsonaro fez maior ""toma l√°, d√° c√°"" da hist√≥ria, mas economiza com vacina 
 https://t.co/bQCPQ3Zh1G",quoted
13538,"Arthur tomou duas vacina e n√£o est√° nem conseguindo mexer o bra√ßo, est√° manhoso demais.ü•∫",
1918,Fiquei esperando por essa vacina da covid para Madalena e ela n√£o vai poder tomar pq t√° gripada. üò´,
11275,"@CortesPodcashq @fatooufake E mais, instigava movimentos antim√°scara e antivacina. Mas al√©m de burro tu √© mau car√°ter",replied_to
648,@francielefmf E os lotes de vacina tamb√©m,replied_to
2637,"Equipe de transi√ß√£o defende pens√£o para √≥rf√£os da Pandemia de Covid-19. https://t.co/abJWnUK6uM

#COVID19 #COVID #Covid_19 #pandemia #vacina #virus #Brasil https://t.co/WmG0pWMsLE",
1512,"@OsmarTerra Dr essa informa√ß√£o procede?
https://t.co/4Un95vJspR",replied_to
8180,"@LulaOficial @Malvola131 N√£o te pediria isso, porque n√£o esqueci toda a sacanagem golpista que fizeram. Por causa disso o Inomin√°vel ganhou, pelo negacionismo dele a vacina demorou a chegar no meu Estado e um ente querido morreu de covid em dezembro de 2020. Imperdo√°vel! https://t.co/XktfIphrRV",replied_to
7465,"üíâü¶† O principal entrave √† vacina√ß√£o nos pa√≠ses em desenvolvimento √© a dificuldade de manuten√ß√£o da cadeia de frio para conserva√ß√£o de vacinas. Na imin√™ncia do arranque da Campanha Nacional de Vacina√ß√£o Animal, os materiais de apoio est√£o a chegar aos armaz√©ns da @FAO em #Bissau https://t.co/dK8OV1NwAW",
14057,Prefeitura de Sorocaba oferece a√ß√£o especial de vacina√ß√£o contra Poliomielite e Covid-19 neste s√°bado (17) na Pra√ßa Cel. Fernando¬†Prestes https://t.co/nDP4YdT46O,
9724,@revistaoeste O lucro vai todo pra pa√≠ses realizarem abortos massivos ou vacina da morte.,replied_to
1061,"Gra√ßas a vacina eu n√£o morri de covid, cheguei perto mas n√£o morri üôèüèª",
4781,"Nossa v√©i, que vacina foi essa?",
8015,"n√£o entra na minha cabe√ßa que a vacina hoje torna essa doen√ßa mt menor, que essa (e MUITAS outras mortes) poderia(m) ter sido evitada(s) se tivessem liberado a porra da vacina antes",replied_to
250,"Fechada h√° mais de um ano, a √∫nica f√°brica no pa√≠s que produz a vacina contra a tuberculose vai permanecer interditada ap√≥s nova vistoria da Anvisa. Enquanto isso, o Brasil continua precisando importar doses da BCG. Confira: https://t.co/y9JMbPhECP #JH",
6314,@LulaOficial Da vacina dos meus filhos preocupo eu. E enquanto vacinas tiverem em teste eles n√£o tomar√£o.,replied_to
7062,"@monark Talvez vc tenha ficado fora , nos √∫ltimos 4 anos . Teve Ministro da Sa√∫de contra a vacina , uso de m√°scaras e medidas sanit√°rias . A batata inglesa , chegou a R$ 10,00. Bem vindo de volta ao Pa√≠s !",replied_to
11659,"@Raasoares1 @_Sisifo @mamollica Lockdowns, obrigatoriedade de m√°scara e vacina s√≥ foram possibilitados pela lei 14.979 assinada pelo presidente do Brasil.",replied_to
4739,"o coitado de jasper derrubado pela vacina, nem andar o pobi consegue",
15204,"@JoelPinheiro85 Sabe o mercado que n√£o liga pra golpe, falta de vacina, passar boiada, que nem oscilou com a damares e o farias? 
Ah, tamb√©m n√£o t√¥ falando com ele n√£o. Ele t√° no cantinho do pensamento. Ningu√©m fala do dindin chegando do exterior. 
Os gringos apostam no novo governo.",replied_to
849,"@JaneteS24877617 @UOLNoticias Cart√£o de vacina√ß√£o? Nada!! Saber das visitas dos Pastores corruptos do MEC, o
Processo de rachadinha do 01 e processo do Pazzuelo (s√≥ exemplo). Humilhar? Uma pessoa que vive de informa√ß√£o de ZAP, vai humilhar quem?",replied_to
587,mona as pessoas est√£o LUNATICAS minha avo conseguiu juntar Xandao com PCC chip da vacina venezuela e facada do bolsonaro em menos de 10 seg,
9997,"@Denishow233 @MariaCndidaGue3 @taoquei1 No in√≠cio, fiquei quieto at√© ver que ele, depois de tomar uma recusada do STF sobre tirar o Carnaval por conta da pandemi, come√ßou a cagar pra pandemia e 700 mil pessoas morreram nesse processo, processo de desacreditar vacina, m√°scara e m falando nada sobre aglomera√ß√£o.",replied_to
6616,"@mellziland Melhoras Mell. Na 4 feira passada me curei na covid 2, que nada teve a ver com a 1, em janeiro. Tomei todas as doses de vacina. E mesmo assim, n√£o foi f√°cil desta vez. A pior dor de garganta da vida. Minha esposa tb se curou e teve sintomas mais fortes que eu. M√°scara e vacina!!",replied_to
14938,"Um ano j√° com vacina e cheio de sequelas da pandemia.

Chegamos ao fim com uma mala pesada e muita impaci√™ncia para virar logo a p√°gina e se abrir ao novo que desponta no horizonte, por√©m que ainda n√£o chegou.
+ https://t.co/hYLQbahT2Z",replied_to
9464,@warnettn tinha uma menina na tml agr falando que quer tomar vacina vcs s√£o iguais,replied_to
2629,Quem n√£o quer tomar vacina quer morrer deixa quem n√£o quer tomar morrer https://t.co/7KUyu3yvXp,quoted
8493,Combo costela fraturada e rea√ß√£o da vacina: √≥dio.,
11146,minha m√£e vai fazer eu ir SOZINHA tomar vacina,
4272,"@GloboNews @erickbang1 @betepacheco_ @jairbolsonaro @DamaresAlves dizem que preservam e valorizam a vida e deixam as crian√ßas morrerem por falta de vacina e nada falam. Se voc√™ @DamaresAlves acredita de verdade em Deus, sua m√£o forte cair√° sobre voc√™ mas duvido que voc√™ com seu comportamento acredite mesmo em Deus",replied_to
10827,@AredesMarli @delucca Bolsonarismo tamb√©m tem vacina! CADEIA E TACA  os dois juntos !!,replied_to
1244,"@L3itadas_l03n_ Brincadeiras √† parte; pessoal, eles est√£o  sendo obrigadas, e acreditam q se trata de vacina√ß√£o  como outras qualquer.  Est√£o  sendo enganados.",replied_to
6544,"2 meses de vida do meu amor e dia de tomar vacina, eu j√° chorei s√≥ de ver foto dele esperando, prazer tia babona",
9218,"@Tiagolattari @o_antagonista Os valores do ‚ÄúTeto‚Äù pagaram as d√≠vidas de todos os Estados mal governados pela esquerda, que n√£o prestaram conta do dinheiro. Sobre a vacina, come√ßamos a vacinar 30 dias depois da primeira vacina ser aplicada no mundo.",replied_to
6667,"@oantonlojr @DuquesaDetax Sem contar que tivemos uma das piores atua√ß√µes no controle e combate a pandemia. N√£o faz o menor sentido um pa√≠s com um sistema de sa√∫de do tamanho do SUS e um povo que sempre aderiu √† campanhas de vacina√ß√£o, estar com quase 700mil mortos de covid, √© inadimiss√≠vel.",replied_to
14429,"@napmengo @mottamarcos Nenhum pa√≠s foi afetado como o Brasil, com direito a um governo que negligenciou vacina, m√°scara, isolamento social e um presidente que ironizou v√≠timas da doen√ßa.",replied_to
4186,"essa boskovic muito amostrada, certeza que s√≥ ta jogando assim porque sabe que o time do praia tomou todas as doses da vacina!!!",
591,"@dr_nesio @senadorhumberto @CCBB_DF @LulaOficial @geraldoalckmin @ConassOficial Parab√©ns pelo trabalho!!! Queremos Z√© Gotinha! Queremos PNI de verdade! Queremos o @minsaude nas m√£os de quem luta pela ci√™ncia! Queremos as 3 doses de vacina contra a Covid para todas as crian√ßas, de 6 meses a 11 anos!!! @vacinapedcovid",replied_to
9415,Estudo indica que as crian√ßas nascidas de parto normal produzem mais anticorpos ap√≥s a vacina√ß√£o. #megacurioso  https://t.co/2oTxTX1rFy,
10491,"Por isso n√£o queria tomar essa vacina FDP,sabia q ia ficar passando malüò§",
10951,Salvador realiza vacina√ß√£o contra a covid-19 nesta quinta-feira (15) https://t.co/BJYCB3KYKi,
8594,"@rosmalach @lucinhalevita Nossa at√© hoje essa petralhada ainda est√° nesse mesmo assunto de vacina !!!
Arruma outra essa a√≠ n√£o d√° mais !",replied_to
3781,"Sabe a Lei n¬∫ 13.979/20? Aquela, que disseram que foi revogada pelos Supremos e que estabelecia vacina√ß√£o obrigat√≥ria, lockdown e todo tipo de autoritarismo? E que diziam que Bolsonaro n√£o precisava revogar? Ent√£o... esta lei ser√° usada CONTRA TODOS N√ìS no ano que vem.",
5735,"@LucasLeiva87 VIVA A VACINA!!!!! üëèüëèüëèüëèüëèüëèüëèüëèüëèüëèüëèüëè. Pode ter destru√≠do sua carreira e matado muita gente com esse VENENO que injetou em voc√™ mesmo.

Pe√ßo a Deus que se recupere e sobreviva a esse mal que se auto infligido https://t.co/aKlHCMUNhl",replied_to
10759,cancelaram a vacina√ß√£o na ufu sempre fui triste,
13417,* diziam *  n√£o √† vacina.,replied_to
670,"Evolu√ß√£o, in√≠ciodos tempos, fim dos tempos, vacina, extraterrestre, BBB e cultura pop em geral: esses s√£o os assuntos que mais me d√£o pregui√ßa e eu considero insuport√°vel todo mundo que fala disso.",
2840,@kimpaim @EDERSON70039945 E tome vacina!,replied_to
9702,@pmarcelo1972 @MonicaFe1972 Meu amigo Rog√©rio teve dois apag√£o no segundo ele caiu bateu o rosto na mesa quebrou o nariz est√° tomando rem√©dio vasodilatador problema de trombose n√£o sabe se foi  covid que ele teve come√ßo de 21 ou por causa das tr√™s doses da vacina üßêü§î,replied_to
40,Governador da Fl√≥rida convoca um grande j√∫ri pra investigar irregularidades na vacina para COVID. https://t.co/OrG6QODluD,quoted
276,"Fechada h√° mais de um ano, a √∫nica f√°brica no pa√≠s que produz a vacina contra a tuberculose vai permanecer interditada ap√≥s nova vistoria da Anvisa. Enquanto isso, o Brasil continua precisando importar doses da BCG. Confira: https://t.co/IwAUjOPR14 #JH",
9534,@GuilhermeBoulos Vacina mal testada que deixou amigo meu sem andar por conta de trombose... Vcs s√£o uma l√°stima,replied_to
13325,"@MaildeRodovalho @murilocarneiro @claudioedantas Vacina n√£o √© cura, √© para AMENIZAR os sintomas e necessidade de interna√ß√£o.

Estude. 
Faz bem.",replied_to
11218,@maythestarz Aquele dia da vacina... Deus deve ter ficado puto,replied_to
14196,Manaus alcan√ßa a marca de 5 milh√µes de doses aplicadas da vacina contra a¬†Covid-19 https://t.co/lLWYvFLTBO,
6296,"@ciro_nogueira Que ato de m√° f√©. Governo marcado por a√ß√µes de v√¢ndalos. Marcaram marchas para os mesmos dias que faziam atos pr√≥ vacina√ß√£o, provocavam e atacavam pessoas. Atos contra pessoas at√© pela vestimenta. Dizer que n√£o houve s√≥ prova a m√° f√© e falta de hombridade.",replied_to
11752,"Covid-19 matou uma crian√ßa por dia em 2022
Pesquisadores da Fiocruz levaram em conta o p√∫blico entre seis meses e cinco anos, que poderia ter sobrevivido caso tivessem tomado a vacina.",
7482,"@rffinformatica @gutoaqui @AnaCarolPecanha @alinefortuna2 @seleno_glauber At√© de quem lutou pela.vacina, como o caso do D√≥ria. Ele conseguiu descredibilizar o Butantan quando p.exemplo divulgou aquela famigerada nota de que quem tomou a 1a. dose da Coronavac tinha ZERO chances de cont√°gio e morte. Isso pra mim foi t√£o grave quanto (+)",replied_to
10089,"BOLETIM ATUALIZADO COVID19 BRASIL 
Fonte: Sec de Sa√∫de dos Estados/Cons√≥rcio de imprensa
Data: 13/12
(Atualizado 20h45) 

N¬∞ de infectados: 35.697.377
N¬∞ de mortos: 691.174

Doses aplicadas da vacina: 474.270.444

Sendo 172.193.101 referentes ao ciclo de ( 2 doses ou dose √∫nica) https://t.co/Z1sLTEJ8Le",
1467,"Eu so queria n√£o estar sentindo oq eu t√¥, meu Deusss que horrivel, to passando mal dms, calafrio, ovo de codorna no furo da vacina",
8906,"@_fcaldass pode dx, vacina no banheiro",replied_to
108,7)Aqui est√° a coisa: os autores acreditam que os m√©dicos devem considerar aconselhar pacientes n√£o vacinados sobre seguran√ßa no tr√¢nsito. Eles tamb√©m acreditam que as seguradoras devem basear sua ap√≥lice nos dados de vacina√ß√£o.,replied_to
11157,"@tonyogp @MamaBea29489666 @takatergm @murilocarneiro @claudioedantas Aff... Cuba desenvolveu sua pr√≥pria vacina. Vacinou maci√ßamente a popula√ß√£o. Me pergunto em que momento regredimos tanto pra questionar a vacina√ß√£o a ponto de doen√ßas, at√© ent√£o erradicadas, reapareceram.",replied_to
7002,"A Rea√ß√£o da Vacina humilha n√© üòÇ
T√¥ aqui com febre, com mexer o bra√ßo e com dor no corpo todo. N√£o vou nem ir trabalhar! 
Mas pelo menos quando peguei covid n√£o morri e se eu pegar de novo, tbm n√£o vou.",
3892,odeio tomar vacina,
106,"tomei a 4¬™ dose da vacina de covid agorinha, finalmente imunizada com coronavac",
904,O p√∫blico alvo das campanhas de vacina√ß√£o s√£o os com QI abaixo de 50 https://t.co/Ryf2n8FtnN,quoted
11465,"@DaAcervo Surreal, uma pandemia que teria que ser considerada extinta se tiv√©ssemos resguardado os vulner√°veis e tratamento precoce com ivermectina, por√©m, os defensores da SI√ãN√áIA e os mal intencionados imp√µem uma vacina que ser√° o flagelo da humanidade a m√©dio e longo prazo",replied_to
13516,"@UOL Se pode tomar vacina, receber auxilio, cuidado m√©dico, documentos e prote√ß√£o (tamb√©m pode tomar uma cadeia)",replied_to
3509,"Fui tomar vacina e aquela mulher deve ter agarrado um √≥dio meu q pqp

NUNCA doeu tanto (isso q eu at√© gosto de tomar vacina/tirar sangue pela dorzinha)",
3059,"@Rconstantino A mediocridade de trumpistas e bolsonaristas n√£o tem fim. Sempre h√° espa√ßo para mais mediocridades. O fato de a vacina ser respons√°vel pela cessa√ß√£o das milhares de mortes di√°rias, ou de que as mortes recentes s√£o de n√£o vacinados ou vacinados incompletos, n√£o basta. Fazer o que?",replied_to
9496,"@thiagomotaadv Nunca amea√ßou golpe, quando perdeu reconheceu a derrota, foi preso e n√£o incitou golpe, comprou vacina. A diferen√ßa entre esquerda e extrema-direita √© grande.",replied_to
13557,"@niaboktruk @Euhardman75 @BeolchiLuis @ThiagoSussekind Se est√° falando de mim, saiba que tomei 3 doses de vacina contra covid, mas estou acompanhando a efic√°cia, coisa que todos deveriam fazer. N√£o sou contra vacinas, tomo vacinas regularmente, at√© aquelas que ningu√©m toma, contra tifo, t√©tano, febre amarela...",replied_to
5944,"@KageJohnJK @oscasosraros @GFiuza_Oficial @jordanbpeterson Eu diria q a maioria √© omissa e passiva. Mas hj em dia com tanta informa√ß√£o, n√£o aventar a possibilidade de liga√ß√£o de qq efeito adverso, bem como recomendar vacina√ß√£o a quem tem risco beira √† imper√≠cia. Isto √©, recomendar ou tratar sem o conhecimento adequado da doen√ßa.",replied_to
15071,"@timoteo_rcm @Lquepassa Vc s√≥ fortalece o que eu disse. 
Seu presidente comandava o pa√≠s com a 6a maior popula√ß√£o do planeta e o entregou como o 2o pais do mundo com mais mortes de covid.
Ele fez campanha pra cloroquina q n era comprovada e atrasou a vacina.
Qm votou no Lula t√° t√° criticando ele? Otimo! https://t.co/EnPRrLrxEF",replied_to
9831,@frnndll Que √≥dio da Fiocruz que n√£o cria uma vacina antiwebamor,replied_to
3415,"@frederikcardoso @jionajoy @Marius_Goncalve @folha Colega, os militares permitiram propina em barras de ouro no MEC, falaram em propina pra comprar vacina, permitiram 39 kg no avi√£o da FAB. Eles n√£o est√£o t√£o distantes dos supostos ladr√µes q vc condena",replied_to
10767,@Wago40479547 @IngridVidLim @taoquei1 Mas a vacina da covid √© boa. J√° foi testada v√°rias vezes e confirmada que √© segura,replied_to
173,"Tomei vacina hj nos DOIS BRA√áOS, parece que eu tomei uma paulada na parte de cima do corpo",
15133,pqp tomei vacina nos dois bra√ßos e preciso finalizar meu cabelo üò≠üò≠,
2002,"Tory MP alega encobrimento da vacina contra a covid que inflama as art√©rias do cora√ß√£o na alega√ß√£o de Bombshell‚Äô 
Minha m√£e come√ßou a fizer tratamento do cora√ß√£o ontem, o problema que ela j√° tinha piorou  muito üíâüíâ. https://t.co/etSyhf6Fc4",quoted
6989,Vou tomar vacina tchau!,
6395,"tomei a vacina ontem,acordei gripado e com o bra√ßo doendo",
2368,Eu n√£o fui trabalhar hoje porque t√¥ com rea√ß√£o da vacina. N√£o consigo mexer o bra√ßo e minha cabe√ßa vai explodir,
1270,"@BahiaNoticias ""Detalhe"": em janeiro de 2021 come√ßaram a ser aplicadas as ""vacinas COVID-19"" no Brasil...
Mas estamos vendo ultimamente um tipo de ""ci√™ncia"" estranha que desconsidera, pr√©via e automaticamente, o fator ""vacina"", na hora de se ""investigar"" as causas...
https://t.co/KLAJQFoJLd",quoted
4403,"@zlyexawfvaur @TheLastOfUsBR Talvez o pai da abby fosse o √∫nico capaz de fazer a vacina entre os vagalumes, vai que tenha outro m√©dico em alguma outra fac√ß√£o ou grupo?",replied_to
1027,"@L3itadas_l03n_ @DouglasGarcia Tome mais dose, a vacina salva.",replied_to
9155,@TransBbb @fatimamfgsilva os caras s√£o contra vacina mas fazem uma m√°scara com a foto do bolsonaro üòÇüòÇüòÇüòÇ √© muito amor envolvido,replied_to
8319,"Tomei a vacina ontem, hj eu t√¥ num mal estar que s√≥ Deus",
14861,A vacina bateu,
8413,"usando meu lindo term√¥metro rosa q comprei pro est√°gio pra medir a minha febre p√≥s vacina
n√£o, eu n√£o cheguei a usar ele no est√°gio!!!!!!!!!",
9306,@mellziland Como ter certeza se a cepa √© infinitamente menos gravosa? Como saber que esta bem pela vacina e n√£o pelo decurso natural da doen√ßa? Lembrando que ja foi comprovado que a vacina depois de algumas semanas n√£o oferece mais efeitos imunol√≥gicos.,replied_to
9958,@mqueiroga2 @GeneralMourao Por afundar as crian√ßas que tomam vacina?,replied_to
7970,"eu s√≥ comecei usar meu oculos direito qnd gravei o dia que tomei vacina, a mo√ßa pediu pra eu conferir a seringa e eu sa√≠ no v√≠deo arregalando o olho pra enxergar https://t.co/kQAYEFV8ut",quoted
3582,Equipe de Epidemiologia de Belford Roxo refor√ßa vacina√ß√£o de¬†sarampo https://t.co/weSXELIapq,
14845,Voc√™s tiveram rea√ß√£o com a 4¬™ dose da vacina ?,
5788,@RcDetailer @monark Eu q lhe pergunto isso? Vc viu a pandemia? Vc viu o Mec? Vc viu a farm√°cia.popular? Vc viu o sigilo? Vc viu a compra da vacina indiana? Vc viu q simplesmente s√≥ um otario acredita que esse governo n √© corrupto?,replied_to
10001,@Jouberth19 E o Bolsonaro e a rachadinha? E a corrup√ß√£o no MEC ? E corrup√ß√£o da vacina? E o PL e o Valdemar? E o Viagra ? E as pr√≥tese penian@ ? E os funcion√°rios fantasma üëª? E a COCAIN@ no aviao do Bolsonaro ü§•?,replied_to
12955,@murilocarneiro @claudioedantas Ainda insistem nessa narrativa de que atraso de vacina matou as pessoas mesmo vendo muitos continuarem morrendo mesmo vacinados‚Ä¶m√° f√© ou ignor√¢ncia?,replied_to
10739,@JovemPanNews Mas ainda essa palha√ßada de vacina e rem√©dio caro ?? A ind√∫stria farmac√™utica da bandidagem com um super rem√©dio que n√£o serve pra nada ... Ahh vcs est√£o indo de ladeira abaixo n√© junto com o cons√≥rcio,replied_to
2066,"@Elaine_tuti @ciralima34 @joicehasselmann Da imunidade de rebanho, que √© estrat√©gia eugenicista e nazi pra limpar os mais fr√°geis da sociedade. Quase todos pegamos covid, e ainda continuamos pegando e morrendo - menos, gra√ßas √† vacina. Eu n√£o tenho que provar nada, a lei garantir√° isso em breve. Bozo ser√° preso. Am√©m.",replied_to
11141,"Nenhuma pessoa deve ficar sem vacina√ß√£o,  cuidar da sa√∫de √© essencial para salvar vidas. #sp2",
11873,"@JanainaDoBrasil Muito antipetista votou em Lula pq acreditou que Bolsonaro falhou na pandemia. Na verdade, errou no marketing, comprou vacina, defendeu tratamento precoce, corajosamente contr√°rio aos interesses da bigfarma, foi vencido pela m√≠dia, pelo STF. E voc√™ t√£o inteligente n√£o percebeu.",replied_to
6000,"@Jgg2882 @leandroruschel @mpatriabrasil Mas com uma popula√ß√£o de 217.000.000 brasileiros, e segundo vc 1200 brasileiros com efeitos colaterais...qual a porcentagem? Todo medicamento, toda vacina, tem efeito colateral. Mas isso n√£o pode servir de base para dizer que as vacinas n√£o s√£o eficazes, n√£o diga isso.",replied_to
2808,A coordenadora refor√ßa ainda que no momento est√£o dispon√≠veis apenas vagas para segunda dose  https://t.co/TGdYkibzIq #teresina #criancas #vacina #covid #agendamento,
9889,Eu aos 6 anos quando fui tomar vacina e vi q era agulha https://t.co/wT4LxrTcIO,quoted
4994,"Hoje chegou uma paciente tentando explicar algo sobre nao poder tomar a vacina, mas ela nao se comunicava bem em ingles. Percebi que ela era portuguesa e falei com ela em portugues. 
A Paciente: Eu quero uma carta do medico dizendo que nao posso levar a pica 
... 
pica= injecao",
6244,"@GeracaodeValor quando seu presidente comprava cloroquina com dinheiro do SUS, mentia sobre m√°scaras e vacina e ria da cara dos milhares de mortes di√°rias, vc n√£o falou nada sobre ""p√©ssimo sinal""

√© um dissimulado hipnotizado por um psicopata, vai ser dissimulado assim em miami",replied_to
7412,@ElevaBrasilES Ainda vai instalar obriga√ß√£o de vacina pra matar o povo mais r√°pido. O povo tem que acordar.. pelo amor de Deus.,replied_to
8879,tomei a quarta dose da vacina hoje e t√¥ morrendo de sono,
606,"@WoodThereLake Olha‚Ä¶aqui sigo com o mesmo pediatra h√° 5 anos, meus 2 meninos passam com ele e ele √© SUPER desatualizado em IA, mas √© a favor de amamenta√ß√£o, n√£o taca f√≥rmula sem necessidade, pro vacina, pro ci√™ncia, n√£o mete rem√©dio em tudo, enfim‚Ä¶um pedi meio dif√≠cil de achar pelo conv√™nio +",replied_to
7071,"herpes e o hiv andam muito juntas, todo site que voc√™ entra voc√™ l√™ herpes e a porta de entrada para hiv, eu espero que voc√™ lute por n√≥s tamb√©m pois tamb√©m n√£o temos vacina nem uma cura e se quer um tratamento",
14134,eu pare√ßo uma m√£e babona preenchendo a carteira de vacina√ß√£o da minha cachorrinha ü•πü•π,
8346,"@ronin19217435 Jenner foi uma membro da  Friendship LOJA No. 270 em Berkeley, Inglaterra ( ibid, p. 235).  Jenner diz claramente que ter uma vez a doen√ßa n√£o faz uma pessoa imune. Nenhuma vacina previne. Ainda assim ele defendeu algo este que foi totalmente antinatural e altamente perigoso.",replied_to
4321,Manu tomou a vacina e nem chorou,
7825,"Candidato a vacina contra a dengue da Takeda recebe revis√£o priorit√°ria do USFDA
https://t.co/JkIXK5BQGf",
12420,"34 positivos para COVID nesta quarta-feira em Santo √Çngelo. 
Nesta quinta-feira, das 13h30 √†s 17h, tem vacina√ß√£o na Secretaria Municipal da Sa√∫de com as doses 1, 2 e 3 para maiores de 12 anos e dose 4 para maiores de 18 anos. https://t.co/WwRvI5yZIf",
10971,"q caralho de vacina

pqp",
6497,@Peliteiro Acho que a vacina era boa...üò¨,replied_to
2337,#Vacina contra o c√¢ncer de pele tem resultados promissores | Eduardo Bar√£o: https://t.co/iQn2vWi2ag,
1385,"@DrBrunoGino Os ricos (e conscientes) foram para os EUA tomar vacina, enquanto a popula√ß√£o pobre que depende do SUS ficava a merc√™ da ""imunidade de rebanho"" (vide caso de Manaus). Foi um projeto de morte com base em negacionismo e fake news",replied_to
7837,@Samukamachado34 @celmaven @JornalDaCidadeO A√≠ ai.. ent√£o o mundo inteiro e culpa do Bolsonaro tbn que esperou uma vacina aprovada da Anvisa para comprar? Muda o disco meu caro amigo...,replied_to
895,"@alexaguiarpoa @LulaOficial @geraldoalckmin Inconceb√≠vel? Inconceb√≠vel √© bolsonaro n√£o ter deixado verba p tocar todas as √°reas deste pa√≠s, a come√ßar pela sa√∫de... at√© agora n√£o comprou vacina de √∫ltima gera√ß√£o... ISSO SIM √â INCONCEB√çVEL!",replied_to
5132,@Hard_stone444 @salnog E ainda teve a vacina da Janssen (J &amp; J).,replied_to
1111,"@MariaBazil7 @janaina41063702 @MatthewTyrmand As For√ßas Armadas n√£o s√£o esse super poder que entende de elei√ß√µes, de leis, de medicina,  de vacina , de pol√≠tica‚Ä¶. N√£o. N√£o.  Eles entendem de guardar a patria conta os inimigos. Somente isso.   Assim como um presidente n√£o pode receitar rem√©dio üíä. Ele n√£o √© medico.",replied_to
4073,"Duzentos reais em vacina de alergia pqp, vamo dando gl√≥ria Deus kk",
1896,"@SeergioMotta97 @ECindral @Felippe79913906 @filipesabara @nilmoretto Quem matou foi o v√≠rus.. Vacina n√£o ajuda em poha nenhuma. Na moral, vtnc...",replied_to
12625,"@cristinagraeml Agentes de sa√∫de vieram na minha casa para for√ßar minha m√£e de 90 anos a tomar vacina, ela se recusou e sa√≠ram daqui a vassouradas, tomamos ivermectina, at√© hoje nem eu de 57 anos tivemos covid e nem minha m√£e, meu primo t√¥ ou duas doses da Jansen e morreu de trombose 50 anos!",replied_to
8205,@MiguelNicolelis E ainda muitas cidades sem vacina para TODAS as crian√ßas acima de 6 meses conforme aprova√ß√£o da Anvisa em 16/09. √â urgente a vacina√ß√£o das crian√ßas. Nossas crian√ßas t√™m o direito a vacina. @vacinapedcovid,replied_to
7134,Moderna ensaia novo salto no mercado com vacina contra o c√¢ncer testes de vacina contra c√¢ncer de pele https://t.co/OzWT6n44hw via @NeoFeed,
2121,"@majoris_sirius @luizhbh @mateusnivaldos1 @HaddadDebochado @SiraQuiroga19 E quem disse que se essas pessoas n√£o tivessem tomado nada elas n√£o teriam o mesmo resultado ou resultado melhor, eu nunca tomei nada pra Covid, peguei Covid 2 vezes e t√¥ vivinho da Silva (apenas tomei 3 doses da vacina).",replied_to
9478,com muita dor nks dois bra√ßos meu deus nao quero mais tomar vacina,
8830,falei com minha amiga hj que n√£o senti nada com a vacina e agora a noite baqueei acho q t√¥ com febre,
14905,@bred_caetano Miseric√≥rdia kkkkkk n√£o aguento mais ver lote de vacina na minha frente,replied_to
14287,"@TheLastSurviv @Rconstantino Tomamos dose de vacina contra H1NI h√° anos e engra√ßado que nada nunca aconteceu n√©, que engra√ßado",replied_to
213,@pejulio Mas n√£o comprou vacina e deixou milhares morrerem,replied_to
11403,@duuardaa5 2 doses da Pfizer infelizmente! N√£o tomo + nenhuma vacina para COVID,replied_to
607,@renatajbarreto @RenatoPHD E quanto a vacina√ß√£o obrigat√≥ria para crian√ßas.  .?  Tem alguma informa√ß√£o. .,replied_to
14662,"@opovo Agora que come√ßou a agonia....placebo vendido a pre√ßo de ouro se essa vacina fosse uma vacina mas n√£o √© , foi s√≥ uma maneira de arrecadar dinheiro",replied_to
4417,@tannokasa4 depois de 10a dose da vacina vai todo mundo andar assim...ahahhahahahahahhahhahha,replied_to
5768,"@cattawin_lover @Nnattawin1 @milephakphum Eu estou cheia de dores, fui tomar a 4¬∞dose da vacina covid e da gripe. Agora parece que tenho vidros no corpo. Meu marido e filho tbm tomaram e tirando a dor no bra√ßo est√£o bem, meu marido diz que cada um tem o que merece üòÇ üòÇ 

@Nnattawin1 @milephakphum  #GQMOTY2022xMileApo",replied_to
4149,"fui tomar a quarta dose da vacina hj e adivinhem, N√ÉO TEM VACINA E N√ÉO SABEM QUANDO VAI CHEGAR",
3706,"@Wescrey A√≠ rola um pedido de abertura de CPI de ""distribui√ß√£o de lotes de doses de vacina de refor√ßo no atual governo"" pelo Deputado Federal PAZUELLO e fica assim: https://t.co/IiaRmiQIT5",replied_to
1334,"Sir Winston Churchill | Courage (Darkest Hour/Dunkirk) https://t.co/v7BbIPhIMn via @YouTube ... Est√° cometendo um grande equivoco Q Ex Gov @geraldoalckmin relacionado a pagamentos e vacina ... A Q Corujas n√£o tem nada haver com isso, voc√™ tamb√©m n√£o @mqueiroga2  (@gilmarmendes).",
2147,cm febre e dor no corpo por causa da vacina q delicia,
4754,"n√£o consigo ver minha irm√£ tomando vacina, eu choro junto",
13412,√â normal o bra√ßo aonde tomou a vacina j√° est√° querendo latejar kkkkkkkkkkkk,
7791,"@alljulionel @RossinaReis @kimpaim 1 - Divulga√ß√£o de not√≠cias falsas sobre vacina contra Covid-19 (inqu√©rito 4888)
2- Fake news e mil√≠cias digitais (4781)
3 - Interfer√™ncia na Pol√≠cia Federal (4831)
Sobre vazamento de dados sigilosos sobre ataque ao TSE (4878)
Fora as investiga√ß√µes que v√£o ser abertas.",replied_to
11035,‚Äúa enfermeira vinha e TAAAAU botava a vacina‚Äù,
13269,"T√¥ com um machucado no dedo e fui limpar uma poeira aqui em casa e a minha m√£o ficou super suja de tanta poeira 

A minha hipocondr√≠a atacou e j√° pensei em t√©tano por causa da poeira no meu machucado 

Fui ver minha carteira de vacina√ß√£o e t√¥ em dia com a vacina do t√©tano üôåüèª",
14980,Indo tomar vacina com o cu na m√£o mas fingindo estar plena https://t.co/gzrfKAmRsz,
3263,@BluBlueBlued @lindawhited12 @CNN Nao se sabe mais ..  estudos duram ate 10 anos.. unica vacina real durou 50 anos de estudo.. mas mediocres e estupidos interessados em ganhar dinheiro usam o povo covarde,replied_to
4888,"Finalmente veio a√≠ a 4a dose da vacina da covid, Curitiba est√°, mais uma vez, uma vergonha",
6104,"Tomei a quarta dose da vacina ontem, acabou comigo",
4660,"@RegisMvitoria @delucca aqui tem vacina sobrando,ninguem nem quer mais tomar mais de tanta dose que o posto oferece.",replied_to
2598,"Eu e biel fomos levar o Arthur p tomar vacina e todos pensando q ele era o pai do Arthur, ele fazendo quest√£o de falar q √© tio s√≥ poq eu fui toda largada kkkkkkkkk",
3928,Tomar vacina eu n√£o vou n√£o mas fazer tatuagem e colocar piercing vou na mesma hora kkkkkkkk,
2696,"Acordei cedo pra toma vacina e me animei , botei roupa pra lava lavei banheiro descongelei a geladeira e ainda fiz almo√ßo ü•µüôåüèæ",
9227,@rdgglch @NonaConta_ @monepatriota @carolbyme @floresdepapel6 @GrazielaPoli @RTdaFlaTT @cris_direitaRJ @renatobarrosbr Foi isso que usaram pra for√ßar  vacina√ß√£o !!,replied_to
5382,"Italian health minister has had enough: ‚ÄúWe are not going to put back the mandatory vaccine against Covid-19‚Äù.
https://t.co/U1CCbH6uls Ministro-da-saude-italiano-deu-um-basta-nao-vamos-colocar-de-volta-a-obrigatoriedade-da-vacinacao-contra-a-covid-19/ https://t.co/bIYR2onXel",
2971,"O LOCKDOWN EST√Å CHEGANDO...

Governo dos EUA planeja 'lockdown e esperar por uma vacina' desde 2007
https://t.co/Mb8Kj3MRHL https://t.co/OrQ9QJBfmW",
15287,"p√¥ mane ter filho eh mto bom 
mas lembrei agr que gastei quase 1000 reais na vacina e me bateu mo tristeza kkkkkkkkkkkkkkkkk 1000zinho assim NA MAIOR FACILIDADE",
1678,"Al√¥ @pref_santarem a UBS Santa Clara t√° fechada pra almo√ßo na hora do expediente de trabalho pra vacina√ß√£o de COVID. Se fecha pra almo√ßo, pq divulgam hor√°rio de funcionamento das 8h as 16h, SEM INTERVALO?!",
14249,@nofreakyfriday eu ia hj pra tomar vacina mas fui pra ksa,replied_to
8034,@SystemDefi @mpatriabrasil Fora que... Nao existe vacina que te mata. Nunca vi alguem morrendo por tomar a vacina de tetano.,replied_to
9790,@heyitslolam @AbraaoLincao @choquei Nem precisei disso‚Ä¶ Aqui vacina chegou primeiro.. Agora tem pessoas que nem tomaram cloroquina e o racioc√≠nio √© d√©bil.. Bjs de Luz!,replied_to
6051,@nattvasconcelos S√©rio? Eu troco f√°cil uma consulta por dez aplica√ß√µes de vacina de uma √∫nica vez. Tenho p√¢nico real oficial de dentista.,replied_to
10625,corno? sim. antivacina? jamais. VAI SE FUDER @sza OBRIGADO POR TUDO,
8196,"@rosmalach @lucinhalevita Victor
Vc tomaria uma vacina sem aprova√ß√£o da Anvisa ü§î",replied_to
4924,Feliz por ter feito a 4¬™ dose da vacina ‚ù§Ô∏è https://t.co/aR5QFnFUDA,
4742,"@DaAcervo Cheguei a ler um artigo , penso que na Tribuna Nacional em que foram analisados v√°rios lotes da vacina de mRNA e que alguns lotes continham apenas solu√ß√£o salina . √â necess√°rio que isso seja realmente comprovado. Vou tentar encontrar esse artigo ROLETA RUSSA .",replied_to
10229,"@LivioCordeiro @tabataamaralsp Sim,tb fecharam.
Assim que saiu a vacina,logo voltaram.
Oüáßüá∑foi √∫ltimo pa√≠s a voltar, com muita insist√™ncia.
Falar mal do PR √© f√°cil!
Quero ver reclamar de prefeito que frauda licita√ß√£o de escolasüòÇ",replied_to
6651,@mqueiroga2 At√© quando a massa continuar√° a receber doses de Cepas diferentes com a mesma vacina?,replied_to
14798,@senhoritabon Tenho a mesma impress√£o do postinho da barra. Elas n√£o me d√£o vacina nem a pau. Acho que √© padr√£o de ubs,replied_to
13511,"Ent√£o o Governo Americano sabia que Ivermectina e Hidroxicloroquina funcionavam na Covid-19?

O √≥rg√£o militar DARPA enviou em 2015 para a CDC que a Ivermectina funcionava contra o V√≠rus Corona.

Mas resolveram vacinar todos. E pior, uma vacina ineficiente.
Por que ser√°?? https://t.co/KmzcelRoUg",quoted
863,@tonyogp @claudioedantas ah √© pura coincidencia que depois que uma parcela significativa da popula√ß√£o tomou a segunda dose da vacina as mortes come√ßaram a cair n√©. Vai tomar no cu voc√™ e o seu negacionismo de merda respons√°veis por inumeras vidas que poderiam ter sido salvas,replied_to
7897,tomei a quarta dose da vacina e meu bra√ßo t√° doendo MUITO,
8597,@homosapiensioso @mengodearrasca @Guislherme_ @Lucasep_88 @TNTSportsBR Isso tudo n√£o impede em nada que o caso do Lucas Leiva pode ter sido por causa da vacina.,replied_to
6364,Essa vacina me fudeu,
7879,"@rosmalach @lucinhalevita N√£o tomei a vacina e n√£o tomarei. V√°rias pessoas com dores que nunca tiveram. Vcs acham que s√≥ morreu gente no Brasil!? 
Comprovadamente Bolsonaro estava certo o tempo todo!
O Ladrao que ficou bilion√°rio as custas da fome e analfabetismo no Brasil pode! Na transi√ß√£o s√≥ Ladrao",replied_to
10006,"@Rodrigo10956521 @Thiago_tdm76 @ThiagoResiste @alexandre @FlavioDino A manobra pra tentar trazer vacina e equipamentos pro pa√≠s era um desafio ja que um certo vagabundo dificultou o m√°ximo que pode, imbecil",replied_to
4588,T√¥ Tentando Fazer As Coisas Mas o √çtalo Est√° Enjoado Da Vacina e N√£o Quer Sair Do Meu Colo De Jeito Nenhum üò™ü§¶üèæ‚Äç‚ôÄÔ∏è,
11229,"AT√â OUTUBRO 1 CRIAN√áA MORREU POR DIA COM DIAGN√ìSTICO DE COVID MAS N√ÉO TEM VACINA PARA CRIAN√áAS DE 6 MESES √Å 2 ANOS.
NENHUM MUNIC√çPIO RECEBEU 1 FRASCO SEQUER.
QUE A  PRIS√ÉO SEJA BREVE E LONGA.",
8421,@rosmalach @lucinhalevita Vacina s√≥ foi uma jogatina pol√≠tica seu jumento! Se salvasse mesmo tanta gente que tomou e morreu. Para de reproduzir merda...,replied_to
8691,Tomei a 3 dose da vacina e meu bra√ßo vai cair minha nossa nossa,
1658,PROCURA POR VACINA CONTRA COVID CRESCE 369% NO¬†RN https://t.co/5V1iF7I5qi,
5931,"se eu n√£o ti amasse √© cada um pro seu canto, tipo as tia do zap e a vacina, fodase e pronto",
14596,@eveeport eita como √© anti vacina,replied_to
14209,@Clauwild1 @KennyProcopio1 Quantas vacina da peste Chinesa ela tinha?,replied_to
10570,"Mike com a coluna inflamada

Minha m√£e com rea√ß√£o de vacina

√â hoje, galera",
8423,"De covid eu nn tomo nem tomarei

Mas nn sou contra a ideia ou incentivo a n√£o se vacinar

E em geral a vacina (qualquer doen√ßa) apoio tomar https://t.co/VLzCchu0aw",quoted
12222,"@taynamorena tomar no cu mesmo!
fomos levar a Malu pra tomar vacina e como nao estavamos com o comprovante do BR em maos (eu ia pegar no celular, 2 minutos), nao deixaram tomar e mandaram voltar outro dia",replied_to
6075,@is_mooth @murilocharao @DuquesaDetax Tu deixou de tomar vacina? Teve v√°rios pa√≠ses que s√≥ conseguiram vacina depois do Brasil. Falar nisso j√° tomou tua 4 dose?,replied_to
6629,Hoje eu e o Joaquim temos vacina ü•π,
9349,"@rayslouv Quero quero. Tomei a terceira dose da vacina hoje, depois disso n√£o fiz nada de mais no meu diakkkkkkkkz",replied_to
14674,https://t.co/6JStvFvJqg.  Aumento de mortes na Alemanha relacionado com vacina  covid 19,
12121,tadinha do meu beb√™ t√° sofrendo por causa da vacina de dois meses ‚òπÔ∏è,
6970,"Dps que eu aprendi que bico em Portugal √© boquete, que bicha √© fila e que pica √© vacina eu soube que n poderei ir a Portugal sem agir igual um mlk da quinta s√©rie https://t.co/qpb6SY0muD",quoted
11371,essa vacina deixou o raphael malzao t√° c as perninhas e oo bra√ßo enchado tadinho do meu filhoü•∫üòî,
10496,Tomei a vacina da covid e tenho certeza que minha bunda cresceu os efeitos colaterais de vacinas comunistas,
7397,"@danielsoranz Vai trabalhar e fazer algo de √∫til pro sisreg andar, adianta s√≥ querer bombar o povo de vacina e as outras doen√ßas matarem de vento e pompa? @danielsoranz se mexe e faz alguma coisa em prol do seu cargo! Voc√™ √© empregado da prefeitura.",replied_to
7894,"@kkkkkneip segundo q mesmo sendo o centro do mundo, pais mais cosmopolito muita tecnologia informa√ßao a mentalidade geral das pessoas parece sei la, do habitante medio de ratanaba
os cara acredita em chip em vacina terra plana todas as teorias da conspira√ßao JURAM q o mundo ta contra eles",replied_to
5778,"@LulaOficial O presidente combateu muito bem, vc tomou a vacina e n√£o morreu, que bosta hein
Se o SUS √© t√£o bom, o que vc acha de ao inv√©s de ir ao Sirio Liban√™s, ficar internado no SUS?",replied_to
1880,Medo de vacina e vou tomar logo TR√äS üò≠üò≠,
9844,"@ignez94550064 @analulista @LulaOficial Menos pior ? Olha o que o Bolsonaro fez e falou durante a pandemia, quantas pessoas ele matou inconscientemente? Investindo em Cloroquina, negando vacina, n√£o tem l√≥gica isso.",replied_to
2822,"@c4rc4ju @KowalskiRP Lutar contra essa vacina√ß√£o obrigat√≥ria √© motivo de orgulho.
JB merece todas as cr√≠ticas que sofre.",replied_to
8751,@TheLastOfUsBR Se a Ellie morrer no final do jogo pra fazerem a tal da vacina l√° com os vagalumes vai ser muito tosco,replied_to
6215,"quando diziam que o p√≥s vacina pfizer era horr√≠vel eu n√£o acreditava 
vcs estavam certos",
13293,Tomei a quarta dose hoje junto com a vacina da gripe. Espero virar uma tartaruga ninja em breve,
14618,"@DilmaResiste Michelle Bolsonaro falando que o Pal√°cio do Planalto era consagrado a dem√¥nios antes de Bolsonaro. E qual o nome que a gente d√° pros consagrados de agora que recebem cheque de 89 mil de assessor, desviam verbas de vacina e d√£o dinheiro p√∫blico da educa√ß√£o pra pastor? PERDEU MAN√â https://t.co/IQaYUXnp1Q",replied_to
3528,"‚ö†Ô∏è UMA CRIAN√áA POR DIA

Uma crian√ßa entre 5 meses e 5 anos morreu de Covid-19, por dia, entre janeiro e outubro de 2022. Foram 314 √≥bitos de crian√ßas. Outro dado alarmante √© de que 7 em cada 100 crian√ßas n√£o fizeram as duas doses da vacina.",
4523,"@joseroquerosa1 @epimeme @nubia_vallenas Os donos da vacina j√° disseram que ela n√£o imuniza, mas alivia os sintomas e evita morte, msm que vc morra de AVC, ataque card√≠aco entre outros, mas pra eles os benef√≠cios superam os riscos, tem certeza que entendeu o que se est√° falando aqui? ...",replied_to
12289,Bertioga realiza drive-thru da vacina√ß√£o nesta quinta-feira (15) https://t.co/XkOOLEKWMg via @R8jornal,
10686,"Moderna e Merck afirmam que pacientes que receberam a dose tiveram redu√ß√£o do tumor ou de morte pela doen√ßa em 44%

https://t.co/wDiMPmeFrJ",
6082,"Cobertura vacinal para a tr√≠plice bacteriana, imunizante que protege contra coqueluche, difteria e t√©tano, √© de apenas 44% no Paran√°. 

https://t.co/mCfUlazb0v",
13919,"Centenas de projetos de deputados ser√£o pautados amanh√£ na ALESP e, mais uma vez, foi feita a inclus√£o do PL 668 que pro√≠be a apresenta√ß√£o obrigat√≥ria do comprovante de vacina√ß√£o em todo o Estado de SP. Tenho lutado contra isto desde o in√≠cio e lutarei at√© o fim do meu mandato.",
5299,meu maior pesadelo √© morrer de uma doen√ßa para a qual j√° existe vacina por ex t√©tano se eu morresse de t√©tano eu ia ficar mt puta por isso me vacino!!,
6678,Procura por vacina contra covid cresce 369% no¬†RN https://t.co/f7E40uVppu,
358,"Inclusive, piadas sobre me beneficiar √† parte, eu gostaria de ter presenciado um nervosismo do mercado quando o saiu o esc√¢ndalo do Bolsonaro n√£o comprar vacina NO MEIO DE UMA PANDEMIA QUE MATOu QUASE UM MILHAO DE BRASILEIROS pq n√£o acertou a propina que ele queria por dose.",replied_to
7381,"No peito. O horror de sentir o pulm√£o se encher do que parece areia. O horror de achar que voc√™ vai morrer e s√≥ n√£o querrr ver sua m√£e chorar. 
Eu peguei covid, mas podia ser muito pior. E agrade√ßo TUDO √† vacina.",replied_to
1080,"@ojoaocavalcanti @claudioedantas Ainda isso?
N√£o, ele n√£o atrasou compra de vacinas, √∫nica coisa que ele fez foi n√£o ter comprado vacina com sobrepre√ßo antes da anvisa liberar.

J√° os respiradores e hospitais de campanha, esses sim foram desviados verbas, mas isso voc√™s n√£o ligam, n√£o foi o ""bozo"" que fez...",replied_to
3251,"@Tiagolattari @o_antagonista Vou te dar o benef√≠cio da d√∫vida.
Todas as vezes que o governo Bolsonaro furos o teto foi para assuntos espec√≠ficos ou seja, vacina e valor determinado para os pobres. Nunca furou para ter uma verba para gastar onde quisesse.",replied_to
15378,"@murilocarneiro @claudioedantas E nos EUA que morreram 1.1 milh√£o de pessoas, foi por falta ou por ter muita vacina?",replied_to
7828,Eu sempre tenho rea√ß√£o da vacina üòî,
10982,"hoje tomei a quarta vacina do covid e, tamb√©m, a de gripe e meus bra√ßos t√£o querendo cair (?????)",
14677,"Benditas as 4 doses de vacina que tomei. 
Estou positivada pra Covid,passando mal,mas sem as vacinas acho que n√£o iria aguentar,principalmente sendo fumante.
Ent√£o pessoal se cuidem pq a Covid voltou com for√ßa.",
927,"@Capyvara @jairmearrependi @LulaOficial O sainte nega a derrota, nega que seja racista, nega que seja homof√≥bico, nega a ci√™ncia, nega a vacina, nega que seja fascista, nega que o nazismo √© um movimento de extrema direita, nega o holocausto‚Ä¶",replied_to
15194,"Vc sabia? Ao inferir que a vacina chinesa, agora sino-brasileira, causa morte, invalidez e anomalias, Bolsonaro n√£o s√≥ mentiu como cometeu uma penca de crimes 
 https://t.co/D6IQJX2nX7",quoted
5082,"@ignez94550064 @analulista @LulaOficial ‚ÄúAhh mais teve pandemia, guerra e os krl‚Äù verdade‚Ä¶ mas a pandemia foi s√≥ pra mostrar quem realmente nos governa, o cara n√£o tem o menor apresso pela vida, a quest√£o n√£o √© o Boz√≥ ser populista, mas ao m√≠nimo ter demonstrado respeito, quantas pessoas ele matou negando vacina ?",replied_to
15067,A parte ruim de tomar vacina √© o bra√ßo dolorido,
5936,"Crian√ßas acima de 2 meses poder√£o atualizar o seu cart√£o de vacina de rotina. Crian√ßas acima de 3 anos poder√£o tamb√©m se imunizar contra a Covid em um dos pontos de imuniza√ß√£o

#DiaDeVacina√ß√£o #VacineAsCrian√ßas #VacinaCobtraGripe #VacinaContraCovid #VacinaContraSarampo #VilaVelha",replied_to
6424,@andressavelino Amg n existe mais enredo nao. Te dizer..comecou com artur aguiar. Kkkkkk comecou com uma noticia ‚Äú√© descoberta vacina para tal coisa‚Äù e a resposta : ‚Äúnunca serao artur aguiar‚Äù e a resposta : ‚Äúgracas a deus‚Äù kkk ai foi expandindo pra todos os artistas kkkkkk,replied_to
5550,Eu com a carteirinha de vacina√ß√£o em dia sendo o orgulho da ci√™ncia,replied_to
4585,Eu com dor muscular e indo tomar vacina oh del√≠cia,
5937,"üíâVACINA√á√ïES 

No pr√≥ximo s√°bado (17) acontece o Dia D de Vacina√ß√£o contra COVID e Multivacina√ß√£o, com o intuito de colocar em dia a vacina√ß√£o das crian√ßas, adolescentes e adultos.

üì≤Saiba mais no linküëá
https://t.co/HJk2KePUgd",
5168,"@KowalskiRP Um genio esse cara. Um PHD...

Do mal.

Lutou contra a vacina√ß√£o etc, formou grupinho com os W, pregaram contra JB e agora s√£o ovacionados por otarios.

Ces tem memoria curta ou so sao burros mesmo?",replied_to
13928,@v1ct0r1444 mulherrrr KKKKKKK toda vacina intramuscular d√≥i do mesmo jeito,replied_to
1815,"üëâüèº A popula√ß√£o poder√° solicitar abertura de processos de infraestrutura, limpeza urbana, entre outros. 

üëâüèº Os pets da regi√£o est√£o recebendo consultas veterin√°rias, vacina√ß√£o antirr√°bica e testes de triagem para leishmaniose atrav√©s do Vetm√≥vel.",replied_to
12798,@mahxella @wesleystamonica @klecio_sa @Jouberth19 T√° morrendo muito mais pela vacina,replied_to
315,"A Dra. Viera Scheibner (Austr√°lia), a maior especialista mundial em les√µes causadas por vacinas, descobriu uma conex√£o entre a vacina tr√≠plice contra difteria, coqueluche e tuberculose",
6648,"Bom dia, objetos causa do desejo!

Est√£o com a vacina√ß√£o em dia?",
3387,Fui no posto da vacina na alice,
13658,"@vanessnnavarro Voc√™ ainda n√£o entendeu?
O ladr√£o e assassino vai descer a rampa!
√â! Aquele que mandou matar 700 mil pessoas de Covid e queria um d√≥lar de propina por dose de vacina, lembra?",replied_to
14663,"Bom lembrar que foi a turma do centr√£o que fez toda a farra investigada na CPI da Covid (Covaxin, tentativa de vacina superfaturada, etc.). √â inaceit√°vel deixar essa turma continuar no Minist√©rio. https://t.co/mWGYnIIIag",quoted
5539,"@IsraelTCC @DuquesaDetax Pra voc√™ o tempo, ainda n√£o existe nada 100% estabelecido em rela√ß√£o as vacinas. Tinha vacina de ‚ÄúDOSE √öNICA‚Äù que o cara j√° tomou a 5¬∫ dose. E VAC de dose √∫nica era mais cara pelo valor agregado, imagina a m√°quina de dinheiro que n√£o √© isso? pa√≠ses investigam o efeito colateral",replied_to
7845,"@murilocharao @DuquesaDetax ""Narrativa da pandemia"" vai te tratar, cara. 700 mil mortos e o cara negando vacina. 

Vai tomar no rabo",replied_to
